{"cameraMode":{"drawMode":0,"name":"Shaded","section":"Shading Mode"},"sceneLighting":false,"audioPlay":false,"sceneViewState":{"showFog":true,"showMaterialUpdate":false,"showSkybox":false,"showFlares":true,"showImageEffects":true,"showParticleSystems":true},"in2DMode":false,"pivot":{"x":-1.6982448101043702,"y":0.745297908782959,"z":1.4214550256729127},"rotation":{"x":-0.7010616660118103,"y":0.01111256331205368,"z":-0.01093684509396553,"w":-0.7129389643669128},"size":22.0,"orthographic":true}