{"cameraMode":{"drawMode":0,"name":"Shaded","section":"Shading Mode"},"sceneLighting":false,"audioPlay":false,"sceneViewState":{"showFog":true,"showMaterialUpdate":false,"showSkybox":true,"showFlares":true,"showImageEffects":true,"showParticleSystems":true},"in2DMode":false,"pivot":{"x":0.32370811700820925,"y":1.089662790298462,"z":-3.177734375},"rotation":{"x":0.0233449749648571,"y":0.6858787536621094,"z":-0.022024257108569146,"w":0.727008044719696},"size":10.437329292297364,"orthographic":true}